Cycle start time,Cycle end time,Cycle timezone,Workout start time,Workout end time,Duration (min),Activity name,Activity Strain,Energy burned (cal),Max HR (bpm),Average HR (bpm),HR Zone 1 %,HR Zone 2 %,HR Zone 3 %,HR Zone 4 %,HR Zone 5 %,GPS enabled,Distance (meters),Altitude gain (meters),Altitude change (meters)
2024-07-26 23:29:04,2024-07-28 00:20:34,UTC-04:00,2024-07-27 12:51:00,2024-07-27 13:23:59,32,Hiking/Rucking,5.1,108.0,125,97,56,24,0,0,0,false,,,
2024-07-25 23:34:31,2024-07-26 23:29:04,UTC-04:00,2024-07-26 18:36:00,2024-07-26 19:25:29,49,Hiking/Rucking,6.4,193.0,162,101,58,21,4,2,0,false,,,
2024-07-25 23:34:31,2024-07-26 23:29:04,UTC-04:00,2024-07-26 09:00:00,2024-07-26 09:19:29,19,Hiking/Rucking,5.2,104.0,141,109,30,65,5,0,0,false,,,
2024-07-23 23:33:19,2024-07-24 23:28:06,UTC-04:00,2024-07-24 20:54:00,2024-07-24 21:35:59,41,Activity,9.0,353.0,153,124,3,45,50,2,0,false,,,
2024-07-23 23:33:19,2024-07-24 23:28:06,UTC-04:00,2024-07-24 19:01:30,2024-07-24 20:17:59,76,Spin,13.3,743.0,161,130,2,24,62,12,0,false,,,
2024-07-18 23:43:09,2024-07-19 23:37:26,UTC-04:00,2024-07-19 18:05:18,2024-07-19 19:54:18,109,Cycling,10.1,599.0,135,109,33,66,1,0,0,false,,,
2024-07-15 00:28:32,2024-07-15 23:39:26,UTC-04:00,2024-07-15 21:03:00,2024-07-15 21:23:59,20,Hiking/Rucking,4.8,71.0,124,99,87,11,0,0,0,false,,,
2024-07-13 23:57:13,2024-07-15 00:28:32,UTC-04:00,2024-07-14 17:40:30,2024-07-14 17:56:59,16,Hiking/Rucking,4.3,43.0,124,92,45,19,0,0,0,false,,,
2024-07-12 23:37:57,2024-07-13 23:57:13,UTC-04:00,2024-07-13 21:33:00,2024-07-13 21:47:59,14,Hiking/Rucking,4.7,71.0,125,106,59,41,0,0,0,false,,,
2024-07-12 23:37:57,2024-07-13 23:57:13,UTC-04:00,2024-07-13 16:10:23,2024-07-13 16:33:03,22,Cycling,5.9,148.0,139,114,19,62,19,0,0,false,,,
2024-07-11 23:48:04,2024-07-12 23:37:57,UTC-04:00,2024-07-12 17:26:01,2024-07-12 19:47:22,141,Cycling,15.2,1186.0,161,124,15,24,51,8,0,false,,,
2024-07-10 23:40:08,2024-07-11 23:48:04,UTC-04:00,2024-07-11 19:55:30,2024-07-11 20:19:29,23,Hiking/Rucking,5.8,147.0,145,113,22,64,14,0,0,false,,,
2024-07-10 23:40:08,2024-07-11 23:48:04,UTC-04:00,2024-07-11 17:01:30,2024-07-11 17:16:29,14,Hiking/Rucking,5.7,115.0,150,120,7,54,38,1,0,false,,,
2024-07-09 23:49:57,2024-07-10 23:40:08,UTC-04:00,2024-07-10 19:11:42,2024-07-10 19:24:03,12,Weightlifting,5.0,79.0,150,114,22,56,20,2,0,false,,,
2024-07-08 22:57:32,2024-07-09 23:49:57,UTC-04:00,2024-07-09 21:52:30,2024-07-09 22:17:59,25,Hiking/Rucking,5.6,143.0,134,110,34,63,3,0,0,false,,,
2024-07-08 22:57:32,2024-07-09 23:49:57,UTC-04:00,2024-07-09 18:19:44,2024-07-09 20:00:25,100,Cycling,13.5,857.0,166,125,4,59,28,9,0,true,36336.29,713.31,1.16
2024-07-08 22:57:32,2024-07-09 23:49:57,UTC-04:00,2024-07-09 16:40:30,2024-07-09 16:55:29,14,Hiking/Rucking,4.8,73.0,133,107,42,57,1,0,0,false,,,
2024-07-05 23:34:20,2024-07-06 23:54:56,UTC-04:00,2024-07-06 10:22:00,2024-07-06 12:18:15,116,Cycling,15.8,1205.0,159,134,1,17,68,14,0,false,,,
2024-07-04 23:40:00,2024-07-05 23:34:20,UTC-04:00,2024-07-05 18:12:12,2024-07-05 19:14:38,62,Weightlifting,,,,,,,,,,false,,,
2024-07-04 00:03:43,2024-07-04 23:40:00,UTC-04:00,2024-07-04 12:37:59,2024-07-04 14:40:20,122,Cycling,13.0,848.0,158,116,16,52,25,2,0,false,41700.43,702.04,-0.85
2024-06-30 23:00:14,2024-07-01 23:42:04,UTC-04:00,2024-07-01 18:00:37,2024-07-01 19:15:01,74,Cycling,13.9,720.0,171,131,13,28,25,32,2,false,23869.54,397.69,-8.32
2024-06-29 22:39:07,2024-06-30 23:00:14,UTC-04:00,2024-06-30 21:07:30,2024-06-30 21:23:59,16,Hiking/Rucking,4.7,68.0,135,103,45,40,4,0,0,false,,,
2024-06-28 23:25:44,2024-06-29 22:39:07,UTC-04:00,2024-06-29 16:53:16,2024-06-29 17:31:01,37,Hiking/Rucking,6.5,213.0,141,111,30,63,7,0,0,false,,,
2024-06-27 23:01:20,2024-06-28 23:25:44,UTC-04:00,2024-06-28 12:35:12,2024-06-28 13:50:49,75,Cycling,14.3,800.0,163,134,2,6,61,25,0,false,14416.64,309.45,-8.92
2024-06-27 01:10:04,2024-06-27 23:01:20,UTC-04:00,2024-06-27 15:27:00,2024-06-27 15:41:59,14,Activity,5.2,95.0,140,114,18,63,19,0,0,false,,,
2024-06-24 23:35:56,2024-06-26 00:06:56,UTC-04:00,2024-06-25 20:12:00,2024-06-25 20:29:59,17,Hiking/Rucking,4.8,72.0,133,103,62,37,1,0,0,false,,,
2024-06-21 23:48:15,2024-06-22 23:39:01,UTC-07:00,2024-06-22 10:10:45,2024-06-22 13:17:37,186,Hiking/Rucking,11.3,786.0,146,100,20,38,8,0,0,false,,,
2024-06-20 23:53:36,2024-06-21 23:48:15,UTC-07:00,2024-06-21 11:13:40,2024-06-21 12:11:58,58,Hiking/Rucking,7.9,325.0,158,110,25,58,10,2,0,false,,,
2024-06-19 22:39:41,2024-06-20 23:53:36,UTC-07:00,2024-06-20 17:59:55,2024-06-20 19:36:11,96,Hiking/Rucking,5.5,206.0,130,86,34,10,0,0,0,false,,,
2024-06-19 22:39:41,2024-06-20 23:53:36,UTC-07:00,2024-06-20 13:42:00,2024-06-20 14:01:29,19,Hiking/Rucking,4.6,59.0,135,95,50,25,2,0,0,false,,,
2024-06-18 22:33:02,2024-06-19 22:39:41,UTC-07:00,2024-06-19 15:43:41,2024-06-19 18:12:05,148,Hiking/Rucking,13.7,878.0,173,111,40,27,15,9,1,false,,,
2024-06-17 22:39:37,2024-06-18 22:33:02,UTC-07:00,2024-06-18 18:35:48,2024-06-18 20:02:10,86,Cycling,8.7,426.0,138,107,45,51,3,0,0,false,,,
2024-06-17 22:39:37,2024-06-18 22:33:02,UTC-07:00,2024-06-18 14:58:30,2024-06-18 15:16:29,17,Hiking/Rucking,4.8,76.0,124,104,49,46,0,0,0,false,,,
2024-06-16 22:24:00,2024-06-17 22:39:37,UTC-07:00,2024-06-17 17:59:08,2024-06-17 19:19:16,80,Walking,6.3,247.0,136,97,43,25,1,0,0,false,,,
2024-06-15 23:31:54,2024-06-16 22:24:00,UTC-07:00,2024-06-16 18:31:15,2024-06-16 21:21:44,170,Walking,6.1,336.0,123,81,29,6,0,0,0,false,,,
2024-06-14 22:50:44,2024-06-15 23:31:54,UTC-07:00,2024-06-15 10:00:56,2024-06-15 10:20:24,19,Walking,5.1,97.0,132,107,42,53,2,0,0,false,,,
2024-06-13 23:40:11,2024-06-14 22:50:44,UTC-07:00,2024-06-14 12:24:00,2024-06-14 12:55:29,31,Walking,10.6,347.0,169,137,3,10,52,35,0,false,,,
2024-06-13 23:40:11,2024-06-14 22:50:44,UTC-07:00,2024-06-14 09:12:16,2024-06-14 09:48:40,36,Walking,4.7,80.0,134,92,57,7,0,0,0,false,,,
2024-06-12 23:55:16,2024-06-14 02:40:11,UTC-04:00,2024-06-13 13:43:30,2024-06-13 14:08:59,25,Hiking/Rucking,4.9,84.0,135,99,68,22,1,0,0,false,,,
2024-06-11 23:37:57,2024-06-12 23:55:16,UTC-04:00,2024-06-12 16:12:00,2024-06-12 16:53:59,41,Hiking/Rucking,8.0,272.0,155,114,28,34,27,6,0,false,,,
2024-06-10 23:30:22,2024-06-11 23:37:57,UTC-04:00,2024-06-11 18:22:30,2024-06-11 18:37:29,14,Walking,4.6,63.0,130,104,77,23,0,0,0,false,,,
2024-06-09 22:26:00,2024-06-10 23:30:22,UTC-04:00,2024-06-10 17:44:42,2024-06-10 19:46:07,121,Cycling,12.1,767.0,145,113,11,54,21,0,0,false,,,
2024-06-09 22:26:00,2024-06-10 23:30:22,UTC-04:00,2024-06-10 08:01:30,2024-06-10 08:26:59,25,Activity,7.2,203.0,160,122,5,55,31,9,0,false,,,
2024-06-05 23:30:22,2024-06-06 23:57:51,UTC-04:00,2024-06-06 19:00:22,2024-06-06 20:25:06,84,Cycling,10.9,602.0,159,118,7,76,16,1,0,false,,,
2024-06-04 23:11:56,2024-06-05 23:30:22,UTC-04:00,2024-06-05 19:48:00,2024-06-05 20:11:59,23,Hiking/Rucking,5.1,102.0,125,104,65,35,0,0,0,false,,,
2024-06-04 23:11:56,2024-06-05 23:30:22,UTC-04:00,2024-06-05 19:01:16,2024-06-05 19:18:43,17,Weightlifting,5.7,125.0,141,118,9,62,29,0,0,false,,,
2024-06-04 23:11:56,2024-06-05 23:30:22,UTC-04:00,2024-06-05 14:07:30,2024-06-05 14:26:59,19,Activity,4.8,79.0,136,103,55,31,7,0,0,false,,,
2024-06-03 23:03:49,2024-06-04 23:11:56,UTC-04:00,2024-06-04 18:05:00,2024-06-04 19:24:13,79,Cycling,12.7,587.0,162,119,26,18,30,18,0,false,,,
2024-06-01 23:57:57,2024-06-03 00:31:27,UTC-04:00,2024-06-02 15:11:53,2024-06-02 16:17:23,65,Cycling,,,,,,,,,,false,,,
2024-05-31 00:13:49,2024-05-31 23:45:29,UTC-04:00,2024-05-31 19:40:22,2024-05-31 20:04:43,24,Cycling,7.2,209.0,158,125,0,57,39,4,0,false,,,
2024-05-29 23:34:58,2024-05-31 00:13:49,UTC-04:00,2024-05-30 18:06:00,2024-05-30 18:33:44,27,Activity,5.7,147.0,138,109,32,63,4,0,0,false,,,
2024-05-29 23:34:58,2024-05-31 00:13:49,UTC-04:00,2024-05-30 16:55:30,2024-05-30 17:20:59,25,Walking,5.3,119.0,141,106,28,59,3,0,0,false,,,
2024-05-27 22:56:21,2024-05-29 00:08:09,UTC-04:00,2024-05-28 18:03:00,2024-05-28 18:53:59,50,Cycling,12.6,548.0,163,136,1,15,56,28,0,false,,,
2024-05-27 00:57:50,2024-05-27 22:56:21,UTC-04:00,2024-05-27 11:24:11,2024-05-27 11:36:06,11,Weightlifting,4.6,56.0,130,106,40,60,0,0,0,false,,,
2024-05-26 01:01:30,2024-05-27 00:57:50,UTC-04:00,2024-05-26 11:27:06,2024-05-26 13:35:20,128,Cycling,10.8,682.0,148,109,21,67,4,0,0,false,,,
2024-05-24 01:57:45,2024-05-25 00:28:27,UTC-04:00,2024-05-24 14:16:30,2024-05-24 14:43:29,26,Hiking/Rucking,5.2,115.0,134,104,57,38,1,0,0,false,,,
2024-05-23 00:16:46,2024-05-24 01:57:45,UTC-04:00,2024-05-23 19:01:30,2024-05-23 19:28:29,26,Cycling,6.2,178.0,146,116,10,78,12,0,0,false,,,
2024-05-23 00:16:46,2024-05-24 01:57:45,UTC-04:00,2024-05-23 17:54:44,2024-05-23 18:48:25,53,Cycling,8.1,345.0,142,115,9,80,9,0,0,false,,,
2024-05-21 23:40:57,2024-05-23 00:16:46,UTC-04:00,2024-05-22 17:17:21,2024-05-22 18:14:26,57,Cycling,6.9,267.0,135,106,50,46,3,0,0,false,,,
2024-05-21 00:59:46,2024-05-21 23:40:57,UTC-04:00,2024-05-21 15:09:00,2024-05-21 15:26:59,17,Hiking/Rucking,4.9,84.0,129,106,55,45,0,0,0,false,,,
2024-05-20 00:05:28,2024-05-21 00:59:46,UTC-04:00,2024-05-20 19:46:30,2024-05-20 20:13:29,26,Hiking/Rucking,4.9,84.0,128,99,70,22,0,0,0,false,,,
2024-05-19 01:21:36,2024-05-20 00:05:28,UTC-04:00,2024-05-19 17:27:45,2024-05-19 18:35:54,68,Hiking/Rucking,6.3,201.0,129,98,88,9,0,0,0,false,5805.59,247.59,-4.28
2024-05-19 01:21:36,2024-05-20 00:05:28,UTC-04:00,2024-05-19 16:28:36,2024-05-19 17:03:38,35,Hiking/Rucking,5.5,138.0,128,103,75,25,0,0,0,true,2896.62,103.13,3.33
2024-05-19 01:21:36,2024-05-20 00:05:28,UTC-04:00,2024-05-19 10:06:00,2024-05-19 10:31:29,25,Hiking/Rucking,5.0,90.0,134,100,63,26,0,0,0,false,,,
2024-05-16 23:49:52,2024-05-17 23:24:27,UTC-04:00,2024-05-17 19:40:00,2024-05-17 20:40:00,60,Hiking/Rucking,6.1,189.0,131,99,80,16,0,0,0,false,,,
2024-05-16 00:30:10,2024-05-16 23:49:52,UTC-04:00,2024-05-16 17:42:04,2024-05-16 19:11:09,89,Cycling,9.8,530.0,148,113,16,74,8,0,0,false,,,
2024-05-16 00:30:10,2024-05-16 23:49:52,UTC-04:00,2024-05-16 13:51:00,2024-05-16 14:13:29,22,Hiking/Rucking,5.2,107.0,129,107,42,58,0,0,0,false,,,
2024-05-15 00:04:51,2024-05-16 00:30:10,UTC-04:00,2024-05-15 18:44:36,2024-05-15 19:08:50,24,Weightlifting,8.9,250.0,163,134,4,19,35,41,0,false,,,
2024-05-12 23:20:06,2024-05-14 00:39:30,UTC-04:00,2024-05-13 17:29:08,2024-05-13 18:10:55,41,Cycling,9.7,376.0,160,128,4,35,49,11,0,false,,,
2024-05-10 00:51:38,2024-05-10 22:42:00,UTC-04:00,2024-05-10 12:45:17,2024-05-10 13:15:40,30,Hiking/Rucking,5.9,154.0,156,105,17,43,13,2,0,false,,,
2024-05-08 00:16:16,2024-05-09 00:30:27,UTC-04:00,2024-05-08 17:45:02,2024-05-08 18:22:54,37,Cycling,9.5,359.0,152,131,0,25,71,4,0,true,9155.90,166.43,-0.03
2024-05-06 23:00:53,2024-05-08 00:16:16,UTC-04:00,2024-05-07 18:03:00,2024-05-07 18:26:59,23,Hiking/Rucking,4.8,85.0,141,99,42,34,3,0,0,false,,,
2024-05-06 00:07:40,2024-05-06 23:00:53,UTC-04:00,2024-05-06 18:48:56,2024-05-06 19:13:36,24,Running,11.3,309.0,176,145,0,15,21,46,18,true,250.93,4.45,1.09
2024-05-06 00:07:40,2024-05-06 23:00:53,UTC-04:00,2024-05-06 11:45:00,2024-05-06 11:59:59,14,Hiking/Rucking,5.0,89.0,153,114,5,91,4,0,0,false,,,
2024-05-05 00:09:42,2024-05-06 00:07:40,UTC-04:00,2024-05-05 13:30:00,2024-05-05 14:20:59,50,Hiking/Rucking,7.1,281.0,143,112,16,81,3,0,0,false,,,
2024-05-05 00:09:42,2024-05-06 00:07:40,UTC-04:00,2024-05-05 09:01:30,2024-05-05 09:37:29,35,Hiking/Rucking,5.8,153.0,142,106,52,39,5,0,0,false,,,
2024-05-04 01:02:32,2024-05-05 00:09:42,UTC-04:00,2024-05-04 14:25:08,2024-05-04 14:43:31,18,Running,6.2,147.0,153,123,6,45,42,7,0,true,994.16,13.55,0.00
2024-05-02 00:39:01,2024-05-02 21:55:23,UTC-04:00,2024-05-02 08:57:00,2024-05-02 09:11:59,14,Hiking/Rucking,4.6,56.0,125,104,71,29,0,0,0,false,,,
2024-05-01 00:09:00,2024-05-02 00:39:01,UTC-04:00,2024-05-01 13:09:56,2024-05-01 13:24:26,14,Running,4.9,73.0,134,110,32,57,9,0,0,true,17.35,0.00,0.07
2024-04-29 23:55:00,2024-05-01 00:09:00,UTC-04:00,2024-04-30 13:39:00,2024-04-30 14:19:19,40,Cycling,6.1,192.0,141,108,34,65,1,0,0,false,,,
2024-04-28 23:09:09,2024-04-29 23:55:00,UTC-04:00,2024-04-29 15:24:00,2024-04-29 15:53:44,29,Activity,7.3,208.0,163,119,20,48,21,10,0,false,,,
2024-04-27 23:30:16,2024-04-28 23:09:09,UTC-04:00,2024-04-28 20:09:00,2024-04-28 20:38:59,29,Activity,4.5,68.0,134,94,56,12,0,0,0,false,,,
2024-04-27 00:05:09,2024-04-27 23:30:16,UTC-04:00,2024-04-27 13:37:19,2024-04-27 13:51:14,13,Weightlifting,6.7,141.0,159,134,3,16,54,27,0,false,,,
2024-04-25 22:51:44,2024-04-27 00:05:09,UTC-04:00,2024-04-26 11:37:30,2024-04-26 11:58:29,20,Hiking/Rucking,4.9,83.0,136,104,46,48,1,0,0,false,,,
2024-04-24 23:36:17,2024-04-25 22:51:44,UTC-04:00,2024-04-25 18:55:30,2024-04-25 20:04:29,68,Hiking/Rucking,12.5,628.0,162,129,4,34,48,14,0,false,,,
2024-04-24 00:06:43,2024-04-24 23:36:17,UTC-04:00,2024-04-24 13:49:58,2024-04-24 14:07:01,17,Running,5.0,90.0,132,110,35,62,2,0,0,true,359.94,7.82,0.04
2024-04-21 23:19:58,2024-04-23 00:08:30,UTC-04:00,2024-04-22 20:45:00,2024-04-22 21:07:29,22,Hiking/Rucking,5.5,130.0,137,113,11,88,1,0,0,false,,,
2024-04-21 23:19:58,2024-04-23 00:08:30,UTC-04:00,2024-04-22 18:13:30,2024-04-22 18:55:29,41,Activity,9.9,398.0,146,131,0,25,75,0,0,false,,,
2024-04-21 23:19:58,2024-04-23 00:08:30,UTC-04:00,2024-04-22 11:49:30,2024-04-22 12:05:59,16,Hiking/Rucking,4.6,62.0,122,102,34,49,0,0,0,false,,,
2024-04-20 22:45:30,2024-04-21 23:19:58,UTC-04:00,2024-04-21 18:34:30,2024-04-21 19:40:28,65,Hiking/Rucking,10.6,495.0,154,121,10,54,33,3,0,false,,,
2024-04-18 23:51:53,2024-04-19 23:12:00,UTC-04:00,2024-04-19 14:21:00,2024-04-19 14:49:35,28,Activity,4.9,95.0,130,100,49,32,1,0,0,false,,,
2024-04-17 23:42:18,2024-04-18 23:51:53,UTC-04:00,2024-04-18 21:10:00,2024-04-18 21:50:00,40,Hiking/Rucking,6.1,183.0,146,108,44,52,4,0,0,false,,,
2024-04-17 23:42:18,2024-04-18 23:51:53,UTC-04:00,2024-04-18 10:37:30,2024-04-18 11:29:59,52,Hiking/Rucking,12.2,517.0,177,133,2,32,28,37,1,false,,,
2024-04-16 23:14:02,2024-04-17 23:42:18,UTC-04:00,2024-04-17 19:24:00,2024-04-17 19:43:29,19,Activity,4.6,61.0,121,100,61,27,0,0,0,false,,,
2024-04-14 23:45:00,2024-04-15 23:55:04,UTC-04:00,2024-04-15 14:24:00,2024-04-15 15:13:29,49,Hiking/Rucking,7.9,311.0,150,117,18,58,24,0,0,false,,,
2024-04-13 23:29:31,2024-04-14 23:45:00,UTC-04:00,2024-04-14 16:33:00,2024-04-14 17:41:07,68,Activity,7.6,326.0,138,110,31,66,3,0,0,false,,,
2024-04-13 23:29:31,2024-04-14 23:45:00,UTC-04:00,2024-04-14 15:03:00,2024-04-14 15:20:59,17,Activity,4.4,48.0,124,98,60,24,0,0,0,false,,,
2024-04-13 00:21:42,2024-04-13 23:29:31,UTC-04:00,2024-04-13 11:49:30,2024-04-13 12:13:29,23,Walking,5.0,90.0,124,105,70,30,0,0,0,false,,,
2024-04-11 23:38:36,2024-04-13 00:21:42,UTC-04:00,2024-04-12 19:01:30,2024-04-12 19:19:29,17,Hiking/Rucking,4.8,72.0,134,107,54,44,2,0,0,false,,,
2024-04-07 23:47:58,2024-04-08 23:00:12,UTC-04:00,2024-04-08 20:00:00,2024-04-08 20:44:59,44,Hiking/Rucking,7.9,293.0,153,118,20,43,34,2,0,false,,,
2024-04-06 22:52:55,2024-04-07 23:47:58,UTC-04:00,2024-04-07 19:15:00,2024-04-07 19:44:59,29,Hiking/Rucking,8.9,278.0,164,131,5,21,54,20,0,false,,,
2024-04-06 22:52:55,2024-04-07 23:47:58,UTC-04:00,2024-04-07 10:45:00,2024-04-07 12:28:29,103,Hiking/Rucking,17.4,1220.0,178,143,2,14,29,43,12,false,,,
2024-04-03 23:41:03,2024-04-04 23:55:12,UTC-04:00,2024-04-04 20:55:30,2024-04-04 21:20:59,25,Walking,5.4,129.0,132,112,22,78,0,0,0,false,,,
2024-03-30 21:50:25,2024-03-31 23:01:15,UTC-04:00,2024-03-31 20:21:00,2024-03-31 21:14:59,53,Hiking/Rucking,7.6,311.0,144,114,15,74,10,0,0,false,,,
2024-03-30 21:50:25,2024-03-31 23:01:15,UTC-04:00,2024-03-31 09:03:00,2024-03-31 09:29:59,26,Walking,5.3,119.0,132,108,40,59,1,0,0,false,,,
2024-03-19 23:11:38,2024-03-20 21:24:00,UTC-04:00,2024-03-20 19:58:30,2024-03-20 20:16:29,17,Walking,4.9,84.0,130,110,19,81,0,0,0,false,,,
2024-03-17 23:20:15,2024-03-18 23:00:06,UTC-04:00,2024-03-18 18:28:30,2024-03-18 18:53:59,25,Hiking/Rucking,5.7,145.0,138,115,11,82,6,0,0,false,,,
2024-03-17 23:20:15,2024-03-18 23:00:06,UTC-04:00,2024-03-18 09:01:30,2024-03-18 09:44:59,43,Walking,6.0,170.0,151,106,47,40,7,1,0,false,,,
2024-03-16 22:57:05,2024-03-17 23:20:15,UTC-04:00,2024-03-17 09:27:00,2024-03-17 09:59:59,32,Hiking/Rucking,6.4,196.0,151,116,14,67,18,1,0,false,,,
2024-03-12 00:03:01,2024-03-12 23:32:34,UTC-04:00,2024-03-12 19:12:00,2024-03-12 19:29:59,17,Hiking/Rucking,5.3,106.0,139,115,19,69,12,0,0,false,,,
2024-03-10 23:52:34,2024-03-12 00:03:01,UTC-04:00,2024-03-11 19:18:00,2024-03-11 19:50:59,32,Hiking/Rucking,8.0,271.0,154,126,3,49,42,6,0,false,,,
2024-03-10 00:43:04,2024-03-10 22:52:34,UTC-05:00,2024-03-10 19:34:30,2024-03-10 20:32:59,58,Activity,9.7,436.0,149,122,9,55,36,0,0,false,,,
2024-03-10 00:43:04,2024-03-10 22:52:34,UTC-05:00,2024-03-10 12:45:00,2024-03-10 13:12:58,27,Activity,5.9,156.0,136,113,22,66,12,0,0,false,,,
2024-03-04 00:17:47,2024-03-05 00:17:07,UTC-05:00,2024-03-04 17:09:00,2024-03-04 17:43:29,34,Hiking/Rucking,7.1,238.0,143,118,10,68,22,0,0,false,,,
2024-03-03 00:12:55,2024-03-04 00:17:47,UTC-05:00,2024-03-03 21:12:00,2024-03-03 21:35:29,23,Activity,6.3,160.0,153,118,20,51,26,3,0,false,,,
2024-02-27 22:42:52,2024-02-28 23:49:51,UTC-05:00,2024-02-28 15:01:30,2024-02-28 15:32:59,31,Hiking/Rucking,6.1,181.0,132,112,18,79,3,0,0,false,,,
2024-02-26 23:32:45,2024-02-27 22:42:52,UTC-05:00,2024-02-27 10:54:00,2024-02-27 11:10:42,16,Activity,6.0,128.0,149,121,16,29,51,3,0,false,,,
2024-02-25 23:49:36,2024-02-26 23:32:45,UTC-05:00,2024-02-26 16:15:00,2024-02-26 16:49:29,34,Hiking/Rucking,6.2,190.0,129,111,26,74,0,0,0,false,,,
2024-02-23 23:38:00,2024-02-25 00:03:36,UTC-05:00,2024-02-24 18:40:30,2024-02-24 19:46:29,65,Walking,8.0,363.0,150,111,24,74,2,0,0,false,,,
2024-02-22 23:56:26,2024-02-23 23:38:00,UTC-05:00,2024-02-23 21:01:30,2024-02-23 22:13:29,71,Hiking/Rucking,9.4,476.0,154,116,8,82,9,1,0,false,,,
2024-02-17 23:44:47,2024-02-18 23:41:28,UTC-05:00,2024-02-18 11:58:30,2024-02-18 13:01:29,62,Activity,11.0,513.0,151,124,9,47,40,4,0,false,,,
2024-02-17 00:16:17,2024-02-17 23:44:47,UTC-05:00,2024-02-17 17:39:00,2024-02-17 18:10:29,31,Walking,5.8,158.0,137,108,31,66,2,0,0,false,,,
2024-02-11 23:59:57,2024-02-13 00:11:23,UTC-05:00,2024-02-12 13:34:30,2024-02-12 14:05:59,31,Hiking/Rucking,7.2,233.0,150,120,7,69,23,1,0,false,,,
2024-02-10 00:01:28,2024-02-10 23:22:19,UTC-05:00,2024-02-10 19:22:30,2024-02-10 19:52:29,29,Hiking/Rucking,8.6,251.0,167,125,9,53,16,21,1,false,,,
2024-02-10 00:01:28,2024-02-10 23:22:19,UTC-05:00,2024-02-10 14:16:30,2024-02-10 14:43:29,26,Cycling,9.2,279.0,169,134,0,23,47,27,3,false,,,
2024-02-08 23:48:27,2024-02-10 00:01:28,UTC-05:00,2024-02-09 18:04:30,2024-02-09 18:46:29,41,Hiking/Rucking,9.1,328.0,158,123,17,40,36,7,0,false,,,
2024-02-08 07:39:00,2024-02-08 23:48:27,UTC-05:00,2024-02-08 13:16:30,2024-02-08 13:35:57,19,Activity,8.2,198.0,175,134,4,18,45,25,7,false,,,
2024-02-04 23:55:18,2024-02-06 00:05:56,UTC-05:00,2024-02-05 21:21:00,2024-02-05 21:53:59,32,Hiking/Rucking,9.9,331.0,165,133,3,22,44,31,0,false,,,
2024-02-03 23:06:31,2024-02-04 23:55:18,UTC-05:00,2024-02-04 13:18:00,2024-02-04 13:35:59,17,Hiking/Rucking,5.1,92.0,133,109,31,61,5,0,0,false,,,
2024-02-03 23:06:31,2024-02-04 23:55:18,UTC-05:00,2024-02-04 09:42:00,2024-02-04 10:07:29,25,Walking,5.6,135.0,139,110,29,67,4,0,0,false,,,
2024-02-03 01:41:06,2024-02-03 23:06:31,UTC-05:00,2024-02-03 11:16:30,2024-02-03 12:04:29,47,Hiking/Rucking,8.9,361.0,153,121,5,68,22,5,0,false,,,
2024-02-03 01:41:06,2024-02-03 23:06:31,UTC-05:00,2024-02-03 10:21:00,2024-02-03 10:59:59,38,Walking,6.0,180.0,134,107,56,42,2,0,0,false,,,
2024-01-28 23:25:50,2024-01-29 23:46:04,UTC-05:00,2024-01-29 16:12:00,2024-01-29 16:31:29,19,Activity,9.8,248.0,169,146,0,2,31,65,2,false,,,
2024-01-26 23:43:30,2024-01-27 23:53:33,UTC-05:00,2024-01-27 11:36:00,2024-01-27 11:56:59,20,Hiking/Rucking,5.1,97.0,131,108,43,57,0,0,0,false,,,
2024-01-21 00:36:45,2024-01-22 02:38:02,UTC-05:00,2024-01-21 13:10:30,2024-01-21 13:28:29,17,Hiking/Rucking,4.8,75.0,129,105,57,41,0,0,0,false,,,
2024-01-14 00:10:17,2024-01-14 23:06:08,UTC-05:00,2024-01-14 15:11:32,2024-01-14 15:26:50,15,Weightlifting,5.4,104.0,147,119,21,46,33,0,0,false,,,
2024-01-07 00:09:45,2024-01-07 23:35:11,UTC-05:00,2024-01-07 14:39:26,2024-01-07 14:58:23,18,Weightlifting,7.0,166.0,163,128,5,37,40,18,0,false,,,
2024-01-04 23:10:33,2024-01-06 00:26:34,UTC-05:00,2024-01-05 15:36:25,2024-01-05 16:19:02,42,Weightlifting,8.7,310.0,159,121,20,48,24,8,0,false,,,
2024-01-03 23:12:26,2024-01-04 23:10:33,UTC-05:00,2024-01-04 20:19:30,2024-01-04 20:50:36,31,Activity,8.1,256.0,161,125,9,35,40,16,0,false,,,
2024-01-02 01:25:11,2024-01-02 23:22:31,UTC-05:00,2024-01-02 17:17:26,2024-01-02 17:26:35,9,Hiking/Rucking,4.9,60.0,151,117,25,43,26,4,0,true,211.51,0.00,-1.31
2023-12-29 00:58:28,2023-12-30 00:08:26,UTC-05:00,2023-12-29 18:16:30,2023-12-29 19:01:32,45,Activity,6.3,205.0,141,108,36,57,4,0,0,false,,,
2023-12-29 00:58:28,2023-12-30 00:08:26,UTC-05:00,2023-12-29 16:50:16,2023-12-29 17:04:42,14,Cycling,4.2,28.0,114,95,77,4,0,0,0,true,767.00,11.83,-0.08
2023-12-29 00:58:28,2023-12-30 00:08:26,UTC-05:00,2023-12-29 10:45:00,2023-12-29 11:28:29,43,Hiking/Rucking,8.4,328.0,154,123,4,59,35,2,0,false,,,
2023-12-26 23:58:25,2023-12-27 23:31:11,UTC-05:00,2023-12-27 16:45:00,2023-12-27 17:17:01,32,Walking,5.5,142.0,129,108,41,59,0,0,0,false,,,
2023-12-24 23:02:07,2023-12-25 22:45:54,UTC-05:00,2023-12-25 11:27:00,2023-12-25 11:47:59,20,Hiking/Rucking,5.4,122.0,132,115,13,83,4,0,0,false,,,
2023-12-09 00:31:02,2023-12-09 22:24:59,UTC-05:00,2023-12-09 18:48:00,2023-12-09 19:14:59,26,Hiking/Rucking,5.1,103.0,131,105,54,41,2,0,0,false,,,
2023-12-09 00:31:02,2023-12-09 22:24:59,UTC-05:00,2023-12-09 17:10:30,2023-12-09 17:31:29,20,Hiking/Rucking,5.1,100.0,141,110,34,58,8,0,0,false,,,
2023-12-07 23:15:05,2023-12-09 00:31:02,UTC-05:00,2023-12-08 15:33:00,2023-12-08 17:04:29,91,Walking,11.7,631.0,162,120,12,59,22,7,0,false,,,
2023-11-30 00:37:48,2023-12-01 00:13:55,UTC-05:00,2023-11-30 13:28:30,2023-11-30 13:55:29,26,Walking,7.4,212.0,157,123,10,51,27,12,0,false,,,
2023-11-29 00:09:48,2023-11-30 00:37:48,UTC-05:00,2023-11-29 08:49:30,2023-11-29 09:26:59,37,Hiking/Rucking,6.0,178.0,139,108,32,61,4,0,0,false,,,
2023-11-27 23:51:13,2023-11-29 00:09:48,UTC-05:00,2023-11-28 08:28:30,2023-11-28 08:47:59,19,Hiking/Rucking,4.8,72.0,132,103,79,17,4,0,0,false,,,
2023-11-24 22:48:33,2023-11-25 23:34:36,UTC-05:00,2023-11-25 18:37:30,2023-11-25 20:07:29,89,Hiking/Rucking,11.5,603.0,154,118,18,53,25,4,0,false,,,
2023-11-24 22:48:33,2023-11-25 23:34:36,UTC-05:00,2023-11-25 17:03:00,2023-11-25 18:14:59,71,Activity,11.4,581.0,153,124,4,41,50,3,0,false,,,
2023-11-23 22:48:33,2023-11-24 22:48:33,UTC-05:00,2023-11-24 10:35:06,2023-11-24 12:44:59,129,Hiking/Rucking,13.4,929.0,161,120,13,55,27,5,0,false,,,
2023-11-22 22:56:01,2023-11-23 22:48:33,UTC-05:00,2023-11-23 17:25:30,2023-11-23 17:49:29,23,Hiking/Rucking,5.3,116.0,130,109,34,65,0,0,0,false,,,
2023-11-21 22:01:42,2023-11-22 22:56:01,UTC-05:00,2023-11-22 08:03:00,2023-11-22 08:40:29,37,Hiking/Rucking,8.1,277.0,157,121,14,46,35,5,0,false,,,
2023-11-18 23:08:20,2023-11-19 22:51:45,UTC-05:00,2023-11-19 19:28:30,2023-11-19 20:14:59,46,Walking,7.0,255.0,140,111,30,60,9,0,0,false,,,
2023-11-14 23:27:11,2023-11-16 00:24:31,UTC-05:00,2023-11-15 18:37:30,2023-11-15 19:04:29,26,Hiking/Rucking,6.1,141.0,165,109,29,52,1,7,0,false,,,
2023-11-12 00:26:25,2023-11-12 23:44:00,UTC-05:00,2023-11-12 11:24:00,2023-11-12 11:47:59,23,Activity,9.2,270.0,174,138,0,6,61,32,1,false,,,
2023-11-08 22:58:10,2023-11-09 23:43:31,UTC-05:00,2023-11-09 13:30:00,2023-11-09 14:08:59,38,Hiking/Rucking,5.7,162.0,121,103,43,47,0,0,0,false,,,
2023-11-08 00:59:32,2023-11-08 22:58:10,UTC-05:00,2023-11-08 15:42:00,2023-11-08 16:10:29,28,Walking,8.8,278.0,154,131,0,32,50,18,0,false,,,
2023-11-05 22:36:16,2023-11-06 23:42:24,UTC-05:00,2023-11-06 18:12:18,2023-11-06 18:55:21,43,Running,13.9,571.0,167,148,0,1,17,81,1,false,,,
2023-11-04 23:49:53,2023-11-05 23:36:16,UTC-04:00,2023-11-05 10:46:30,2023-11-05 11:26:59,40,Hiking/Rucking,8.5,297.0,159,119,15,58,15,12,0,false,,,
2023-11-04 23:49:53,2023-11-05 23:36:16,UTC-04:00,2023-11-05 09:39:00,2023-11-05 10:34:29,55,Hiking/Rucking,8.0,338.0,149,113,27,63,10,0,0,false,,,
2023-11-04 00:27:51,2023-11-04 23:49:53,UTC-04:00,2023-11-04 11:06:00,2023-11-04 12:31:29,85,Activity,11.7,639.0,151,119,12,59,28,1,0,false,,,
2023-11-02 22:42:38,2023-11-04 00:27:51,UTC-04:00,2023-11-03 19:28:30,2023-11-03 19:50:59,22,Walking,5.7,144.0,130,114,5,95,0,0,0,false,,,
2023-11-02 22:42:38,2023-11-04 00:27:51,UTC-04:00,2023-11-03 16:25:30,2023-11-03 17:05:59,40,Hiking/Rucking,7.9,296.0,154,119,9,67,22,2,0,false,,,
2023-11-01 23:58:52,2023-11-02 22:42:38,UTC-04:00,2023-11-02 20:20:08,2023-11-02 20:36:34,16,Running,9.6,221.0,168,149,0,2,16,78,4,false,,,
2023-10-31 22:35:10,2023-11-01 23:58:52,UTC-04:00,2023-11-01 18:07:30,2023-11-01 18:22:05,14,Activity,5.3,105.0,137,118,1,84,15,0,0,false,,,
2023-10-31 00:00:00,2023-10-31 22:35:10,UTC-04:00,2023-10-31 20:09:02,2023-10-31 20:26:24,17,Running,9.5,217.0,168,144,3,8,14,71,2,false,,,
2023-10-26 23:16:42,2023-10-28 00:00:00,UTC-04:00,2023-10-27 16:22:37,2023-10-27 18:31:57,129,Kayaking,9.0,481.0,157,97,24,26,7,1,0,false,,,
2023-10-26 23:16:42,2023-10-28 00:00:00,UTC-04:00,2023-10-27 08:27:00,2023-10-27 08:56:59,29,Hiking/Rucking,5.8,137.0,148,105,53,31,9,0,0,false,,,
2023-10-25 23:33:41,2023-10-26 23:16:42,UTC-04:00,2023-10-26 19:49:30,2023-10-26 20:23:59,34,Hiking/Rucking,5.7,152.0,152,104,59,35,2,0,0,false,,,
2023-10-25 23:33:41,2023-10-26 23:16:42,UTC-04:00,2023-10-26 15:43:30,2023-10-26 16:11:01,27,Activity,8.7,255.0,160,128,15,21,38,26,0,false,,,
2023-10-24 23:42:48,2023-10-25 23:33:41,UTC-04:00,2023-10-25 21:18:08,2023-10-25 21:37:16,19,Running,9.5,235.0,165,143,3,3,34,58,0,false,,,
2023-10-24 23:42:48,2023-10-25 23:33:41,UTC-04:00,2023-10-25 16:00:00,2023-10-25 16:22:29,22,Hiking/Rucking,5.9,147.0,142,114,14,73,13,0,0,false,,,
2023-10-23 23:04:00,2023-10-24 23:42:48,UTC-04:00,2023-10-24 18:51:00,2023-10-24 19:15:46,24,Activity,6.2,171.0,134,116,10,78,12,0,0,false,,,
2023-10-13 23:11:18,2023-10-14 23:33:11,UTC-04:00,2023-10-14 08:57:09,2023-10-14 14:17:09,320,Cycling,15.9,1948.0,146,112,25,71,3,0,0,false,,,
2023-10-12 23:11:14,2023-10-13 23:11:18,UTC-04:00,2023-10-13 18:36:00,2023-10-13 19:40:56,64,Activity,12.8,627.0,157,130,7,26,53,14,0,false,,,
2023-10-11 23:52:29,2023-10-12 23:11:14,UTC-04:00,2023-10-12 18:12:00,2023-10-12 18:31:29,19,Hiking/Rucking,5.0,89.0,122,104,58,40,0,0,0,false,,,
2023-10-10 23:33:31,2023-10-11 23:52:29,UTC-04:00,2023-10-11 15:29:37,2023-10-11 17:34:12,124,Cycling,11.8,737.0,143,110,14,56,12,0,0,false,,,
2023-10-09 23:10:04,2023-10-10 23:33:31,UTC-04:00,2023-10-10 11:51:00,2023-10-10 12:17:59,26,Hiking/Rucking,5.8,154.0,129,110,28,71,0,0,0,false,,,
2023-10-08 23:52:41,2023-10-09 23:10:04,UTC-04:00,2023-10-09 12:05:04,2023-10-09 14:32:07,147,Cycling,15.3,1276.0,154,124,7,34,55,1,0,false,,,
2023-10-07 23:39:43,2023-10-08 23:52:41,UTC-04:00,2023-10-08 14:01:27,2023-10-08 16:03:30,122,Walking,,,,,,,,,,false,,,
2023-10-06 23:54:13,2023-10-07 23:39:43,UTC-04:00,2023-10-07 10:31:30,2023-10-07 10:47:36,16,Yard Work/Gardening,5.0,82.0,127,107,52,48,0,0,0,false,,,
2023-10-05 23:06:56,2023-10-06 23:54:13,UTC-04:00,2023-10-06 16:51:57,2023-10-06 18:38:31,106,Other,7.3,342.0,141,95,32,24,2,0,0,false,,,
2023-10-05 23:06:56,2023-10-06 23:54:13,UTC-04:00,2023-10-06 07:36:00,2023-10-06 08:30:06,54,Activity,5.5,149.0,117,92,66,9,0,0,0,false,,,
2023-10-03 22:56:37,2023-10-04 23:03:10,UTC-04:00,2023-10-04 12:22:52,2023-10-04 14:23:55,121,Cycling,15.5,1098.0,167,127,16,21,41,20,0,false,,,
2023-10-01 23:53:55,2023-10-02 23:49:37,UTC-04:00,2023-10-02 20:46:30,2023-10-02 21:08:59,22,Hiking/Rucking,5.2,108.0,133,106,59,41,0,0,0,false,,,
2023-10-01 00:59:45,2023-10-01 23:53:55,UTC-04:00,2023-10-01 20:57:00,2023-10-01 21:31:41,34,Functional Fitness,6.0,174.0,135,107,47,49,2,0,0,false,,,
2023-10-01 00:59:45,2023-10-01 23:53:55,UTC-04:00,2023-10-01 15:36:11,2023-10-01 17:08:10,91,Cycling,15.4,967.0,166,134,4,27,36,33,0,false,,,
2023-09-27 23:21:10,2023-09-28 23:18:33,UTC-04:00,2023-09-28 17:43:30,2023-09-28 18:19:25,35,Yard Work/Gardening,9.3,314.0,156,126,13,34,37,16,0,false,,,
2023-09-26 23:54:29,2023-09-27 23:21:10,UTC-04:00,2023-09-27 16:44:35,2023-09-27 18:12:17,87,Cycling,,,,,,,,,,false,,,
2023-09-24 23:54:29,2023-09-26 00:23:25,UTC-04:00,2023-09-25 12:02:44,2023-09-25 14:07:45,125,Cycling,10.5,662.0,130,108,21,72,0,0,0,false,,,
2023-09-23 23:09:46,2023-09-24 23:54:29,UTC-04:00,2023-09-24 17:56:17,2023-09-24 19:30:42,94,Hiking/Rucking,9.6,514.0,150,111,31,64,5,0,0,false,,,
2023-09-22 23:29:53,2023-09-23 23:09:46,UTC-04:00,2023-09-23 17:34:30,2023-09-23 17:51:10,16,Activity,6.3,141.0,149,125,8,33,58,1,0,false,,,
2023-09-22 23:29:53,2023-09-23 23:09:46,UTC-04:00,2023-09-23 16:40:49,2023-09-23 17:11:59,31,Hiking/Rucking,6.1,184.0,144,113,20,75,5,0,0,false,,,
2023-09-22 23:29:53,2023-09-23 23:09:46,UTC-04:00,2023-09-23 15:36:57,2023-09-23 16:08:56,31,Hiking/Rucking,6.2,180.0,151,112,26,63,11,0,0,false,,,
2023-09-21 23:18:15,2023-09-22 23:29:53,UTC-04:00,2023-09-22 22:23:18,2023-09-22 22:37:43,14,Hiking/Rucking,4.2,30.0,114,92,69,1,0,0,0,false,,,
2023-09-21 23:18:15,2023-09-22 23:29:53,UTC-04:00,2023-09-22 17:54:18,2023-09-22 18:49:22,55,Hiking/Rucking,6.1,190.0,129,99,72,21,0,0,0,false,,,
2023-09-20 23:35:58,2023-09-21 23:18:15,UTC-04:00,2023-09-21 17:15:30,2023-09-21 19:14:42,119,Hiking/Rucking,11.0,627.0,151,110,48,40,11,1,0,false,,,
2023-09-19 22:42:28,2023-09-20 23:35:58,UTC-04:00,2023-09-20 21:03:07,2023-09-20 21:33:39,30,Hiking/Rucking,6.3,188.0,151,114,15,71,14,0,0,false,,,
2023-09-19 22:42:28,2023-09-20 23:35:58,UTC-04:00,2023-09-20 14:12:00,2023-09-20 14:32:59,20,Hiking/Rucking,4.8,74.0,117,101,76,19,0,0,0,false,,,
2023-09-19 00:13:47,2023-09-19 22:42:28,UTC-04:00,2023-09-19 17:18:00,2023-09-19 17:43:06,25,Hiking/Rucking,5.3,116.0,134,107,44,54,1,0,0,false,,,
2023-09-17 23:53:13,2023-09-19 00:13:47,UTC-04:00,2023-09-18 09:59:00,2023-09-18 11:18:37,79,Hiking/Rucking,7.9,355.0,151,106,42,48,3,0,0,false,,,
2023-09-17 02:01:36,2023-09-17 23:53:13,UTC-04:00,2023-09-17 16:14:01,2023-09-17 17:26:24,72,Hiking/Rucking,8.7,419.0,146,112,30,61,9,0,0,false,,,
2023-09-14 23:36:06,2023-09-15 23:15:58,UTC-04:00,2023-09-15 14:51:00,2023-09-15 15:17:59,26,Hiking/Rucking,5.6,141.0,133,110,33,63,4,0,0,false,,,
2023-09-13 23:37:35,2023-09-14 23:36:06,UTC-04:00,2023-09-14 10:16:42,2023-09-14 11:39:35,82,Hiking/Rucking,9.2,463.0,142,111,30,63,7,0,0,false,,,
2023-09-12 22:45:40,2023-09-13 23:37:35,UTC-04:00,2023-09-13 20:51:43,2023-09-13 22:12:04,80,Hiking/Rucking,10.4,536.0,154,116,17,63,18,2,0,false,,,
2023-09-11 22:51:23,2023-09-12 22:45:40,UTC-04:00,2023-09-12 16:20:10,2023-09-12 17:41:02,80,Kayaking,4.8,138.0,132,88,36,4,0,0,0,false,,,
2023-09-10 23:20:03,2023-09-11 22:51:23,UTC-04:00,2023-09-11 14:19:59,2023-09-11 15:00:36,40,Hiking/Rucking,5.7,153.0,127,101,62,32,0,0,0,false,,,
2023-09-10 00:10:16,2023-09-10 23:20:03,UTC-04:00,2023-09-10 14:49:36,2023-09-10 16:59:44,130,Cycling,17.7,1432.0,165,137,6,15,33,45,0,false,,,
2023-09-08 23:46:12,2023-09-10 00:10:16,UTC-04:00,2023-09-09 22:03:16,2023-09-09 22:36:26,33,Hiking/Rucking,5.2,113.0,122,100,75,18,0,0,0,false,,,
2023-09-07 23:29:09,2023-09-08 23:46:12,UTC-04:00,2023-09-08 20:24:48,2023-09-08 21:17:50,53,Hiking/Rucking,7.5,314.0,138,112,14,82,2,0,0,false,,,
2023-09-06 23:37:56,2023-09-07 23:29:09,UTC-04:00,2023-09-07 20:25:30,2023-09-07 20:39:34,14,Activity,5.0,83.0,136,112,21,73,6,0,0,false,,,
2023-09-02 23:44:32,2023-09-04 00:22:58,UTC-04:00,2023-09-03 20:21:00,2023-09-03 21:38:09,77,Hiking/Rucking,7.2,315.0,132,101,48,36,0,0,0,false,,,
2023-09-02 23:44:32,2023-09-04 00:22:58,UTC-04:00,2023-09-03 15:25:30,2023-09-03 16:59:23,93,Kayaking,7.7,332.0,143,99,44,21,6,0,0,false,,,
2023-09-02 23:44:32,2023-09-04 00:22:58,UTC-04:00,2023-09-03 13:10:30,2023-09-03 13:56:08,45,Hiking/Rucking,6.8,247.0,136,109,33,64,3,0,0,false,,,
2023-09-01 23:47:24,2023-09-02 23:44:32,UTC-04:00,2023-09-02 19:25:00,2023-09-02 21:05:00,100,Hiking/Rucking,9.6,532.0,139,109,38,60,1,0,0,false,,,
2023-08-31 23:58:22,2023-09-01 23:47:24,UTC-04:00,2023-09-01 19:10:30,2023-09-01 19:53:34,43,Kayaking,8.0,241.0,164,109,56,22,5,12,0,false,,,
2023-08-30 23:30:44,2023-08-31 23:58:22,UTC-04:00,2023-08-31 17:08:01,2023-08-31 19:03:10,115,Hiking/Rucking,10.0,591.0,135,107,42,57,1,0,0,false,,,
2023-08-28 22:21:09,2023-08-29 23:26:29,UTC-04:00,2023-08-29 19:54:54,2023-08-29 20:24:56,30,Hiking/Rucking,5.5,138.0,134,105,51,47,0,0,0,false,,,
2023-08-28 22:21:09,2023-08-29 23:26:29,UTC-04:00,2023-08-29 18:24:00,2023-08-29 19:15:43,51,Hiking/Rucking,7.3,293.0,135,110,37,57,6,0,0,false,,,
2023-08-27 22:54:37,2023-08-28 22:21:09,UTC-04:00,2023-08-28 14:25:00,2023-08-28 15:10:00,45,Cycling,5.5,158.0,119,97,36,29,0,0,0,false,,,
2023-08-27 22:54:37,2023-08-28 22:21:09,UTC-04:00,2023-08-28 12:43:30,2023-08-28 13:32:34,49,Cycling,8.0,316.0,134,114,23,70,6,0,0,false,,,
2023-08-26 01:33:19,2023-08-26 23:14:58,UTC-04:00,2023-08-26 09:32:47,2023-08-26 11:51:39,138,Cycling,17.4,1450.0,165,134,6,26,31,37,0,false,,,
2023-08-24 00:09:20,2023-08-24 23:26:38,UTC-04:00,2023-08-24 18:16:51,2023-08-24 18:34:50,17,Hiking/Rucking,4.7,68.0,120,101,79,21,0,0,0,false,,,
2023-08-24 00:09:20,2023-08-24 23:26:38,UTC-04:00,2023-08-24 16:28:40,2023-08-24 17:12:26,43,Hiking/Rucking,5.6,154.0,151,96,47,17,3,1,0,false,,,
2023-08-24 00:09:20,2023-08-24 23:26:38,UTC-04:00,2023-08-24 12:05:21,2023-08-24 12:28:50,23,Hiking/Rucking,4.4,56.0,129,90,36,9,0,0,0,false,,,
2023-08-22 23:13:38,2023-08-24 00:09:20,UTC-04:00,2023-08-23 20:30:30,2023-08-23 22:08:00,97,Hiking/Rucking,8.6,445.0,135,103,46,42,1,0,0,false,,,
2023-08-22 23:13:38,2023-08-24 00:09:20,UTC-04:00,2023-08-23 11:42:00,2023-08-23 12:25:00,43,Hiking/Rucking,5.3,133.0,136,94,45,21,1,0,0,false,,,
2023-08-21 00:53:13,2023-08-21 23:24:05,UTC-04:00,2023-08-21 17:05:30,2023-08-21 18:45:50,100,Hiking/Rucking,8.9,444.0,147,103,51,38,3,0,0,false,,,
2023-08-19 23:55:58,2023-08-21 00:53:13,UTC-04:00,2023-08-20 14:05:30,2023-08-20 15:05:00,59,Hiking/Rucking,7.5,315.0,132,108,28,66,1,0,0,false,,,
2023-08-19 00:13:32,2023-08-19 23:55:58,UTC-04:00,2023-08-19 14:51:00,2023-08-19 15:43:29,52,Hiking/Rucking,8.8,376.0,147,117,14,66,20,0,0,false,,,
2023-08-19 00:13:32,2023-08-19 23:55:58,UTC-04:00,2023-08-19 13:45:56,2023-08-19 14:27:35,41,Hiking/Rucking,11.5,442.0,162,135,2,16,62,20,0,false,285.76,32.39,1.02
2023-08-17 23:01:31,2023-08-19 00:13:32,UTC-04:00,2023-08-18 22:55:26,2023-08-18 23:14:20,18,Hiking/Rucking,4.8,73.0,118,101,75,23,0,0,0,false,,,
2023-08-17 23:01:31,2023-08-19 00:13:32,UTC-04:00,2023-08-18 20:15:00,2023-08-18 21:15:00,60,Hiking/Rucking,6.8,258.0,140,98,26,38,6,0,0,false,,,
2023-08-16 23:44:25,2023-08-17 23:01:31,UTC-04:00,2023-08-17 18:09:00,2023-08-17 19:30:00,81,Hiking/Rucking,8.8,436.0,142,109,30,59,6,0,0,false,,,
2023-08-15 23:26:37,2023-08-16 23:44:25,UTC-04:00,2023-08-16 18:02:13,2023-08-16 19:14:50,72,Hiking/Rucking,8.2,383.0,135,108,36,61,2,0,0,false,5740.44,279.05,0.93
2023-08-13 22:40:01,2023-08-14 22:59:24,UTC-04:00,2023-08-14 18:47:00,2023-08-14 19:37:55,50,Hiking/Rucking,6.9,258.0,134,107,41,55,1,0,0,false,,,
2023-08-12 23:32:18,2023-08-13 22:40:01,UTC-04:00,2023-08-13 20:32:54,2023-08-13 21:25:30,52,Hiking/Rucking,7.8,324.0,131,112,23,75,2,0,0,true,4297.36,197.29,-5.48
2023-08-11 23:39:33,2023-08-12 23:32:18,UTC-04:00,2023-08-12 14:24:09,2023-08-12 14:57:47,33,Hiking/Rucking,6.2,189.0,141,110,33,58,9,0,0,true,2730.21,96.80,-1.74
2023-08-09 23:50:00,2023-08-10 23:47:10,UTC-04:00,2023-08-10 18:22:30,2023-08-10 19:20:37,58,Hiking/Rucking,8.3,358.0,147,113,24,67,9,0,0,false,,,
2023-07-23 02:25:15,2023-07-24 23:12:01,UTC-04:00,2023-07-23 20:06:00,2023-07-23 21:04:29,58,Activity,12.4,519.0,167,126,14,24,32,25,0,false,,,
2023-07-20 00:02:25,2023-07-21 00:32:51,UTC-04:00,2023-07-20 13:19:30,2023-07-20 13:46:44,27,Activity,6.8,208.0,143,120,4,72,24,0,0,false,,,
2023-07-16 00:22:27,2023-07-16 22:51:16,UTC-04:00,2023-07-16 13:25:30,2023-07-16 13:54:07,28,Activity,8.4,243.0,159,124,13,33,30,22,0,false,,,
2023-07-12 23:36:25,2023-07-14 02:04:12,UTC-04:00,2023-07-13 17:07:30,2023-07-13 17:55:58,48,Activity,,,,,,,,,,false,,,
2023-07-09 23:10:41,2023-07-11 00:08:39,UTC-04:00,2023-07-10 20:46:30,2023-07-10 21:19:29,32,Running,11.4,355.0,167,136,8,21,25,42,3,false,,,
2023-07-08 02:00:38,2023-07-08 23:19:50,UTC-04:00,2023-07-08 21:48:00,2023-07-08 22:16:29,28,Running,8.3,265.0,153,128,3,30,61,6,0,false,,,
2023-07-02 23:23:47,2023-07-03 23:34:05,UTC-04:00,2023-07-03 18:05:43,2023-07-03 18:41:54,36,Activity,11.1,335.0,169,128,22,21,13,35,5,false,,,
2023-06-24 00:42:13,2023-06-25 02:05:36,UTC-04:00,2023-06-24 21:52:45,2023-06-24 22:37:25,44,Activity,9.3,367.0,151,125,7,32,57,2,0,false,,,
2023-06-24 00:42:13,2023-06-25 02:05:36,UTC-04:00,2023-06-24 20:42:16,2023-06-24 21:24:27,42,Activity,12.7,500.0,165,142,0,5,45,50,0,false,,,
2023-06-21 22:42:43,2023-06-22 23:53:21,UTC-04:00,2023-06-22 13:17:16,2023-06-22 13:34:55,17,Weightlifting,6.3,151.0,146,126,0,51,49,0,0,false,,,
2023-06-19 23:59:42,2023-06-20 23:47:34,UTC-04:00,2023-06-20 17:21:25,2023-06-20 17:44:47,23,Weightlifting,,,,,,,,,,false,,,
2023-06-16 00:22:39,2023-06-17 00:35:51,UTC-04:00,2023-06-16 16:08:21,2023-06-16 16:26:27,18,Weightlifting,5.9,130.0,154,119,12,41,37,4,0,false,,,
2023-06-13 23:11:25,2023-06-14 23:28:21,UTC-04:00,2023-06-14 15:56:44,2023-06-14 16:43:15,46,Weightlifting,11.2,437.0,166,129,9,32,42,17,0,false,,,
2023-06-12 00:06:25,2023-06-12 23:52:54,UTC-04:00,2023-06-12 17:20:00,2023-06-12 18:16:00,56,Weightlifting,6.7,227.0,142,95,32,16,17,0,0,false,,,
2023-06-07 23:48:34,2023-06-08 23:07:19,UTC-04:00,2023-06-08 17:58:24,2023-06-08 18:26:13,27,Weightlifting,6.1,166.0,146,114,14,64,16,0,0,false,,,
2023-06-05 23:30:07,2023-06-06 23:25:00,UTC-04:00,2023-06-06 15:48:45,2023-06-06 16:12:56,24,Weightlifting,5.1,99.0,142,106,47,41,8,0,0,false,,,
2023-05-30 22:59:32,2023-06-01 00:13:37,UTC-04:00,2023-05-31 19:43:00,2023-05-31 20:17:52,34,Running,13.9,491.0,168,152,0,5,15,65,15,false,,,
2023-05-29 23:56:56,2023-05-30 22:59:32,UTC-04:00,2023-05-30 14:06:19,2023-05-30 14:30:15,23,Weightlifting,6.4,175.0,143,120,6,62,32,0,0,false,,,
2023-05-27 23:01:30,2023-05-28 23:54:25,UTC-04:00,2023-05-28 15:44:00,2023-05-28 16:17:33,33,Weightlifting,7.0,216.0,153,117,20,53,21,4,0,false,,,
2023-05-24 22:39:54,2023-05-25 22:54:40,UTC-04:00,2023-05-25 13:44:34,2023-05-25 14:01:35,17,Weightlifting,5.0,85.0,132,109,37,60,3,0,0,false,,,
2023-04-19 00:07:06,2023-04-20 00:08:21,UTC-04:00,2023-04-19 21:30:53,2023-04-19 22:13:49,42,Activity,6.1,181.0,150,111,20,47,4,0,0,false,,,
2023-04-17 23:27:57,2023-04-19 00:07:06,UTC-04:00,2023-04-18 19:09:13,2023-04-18 19:37:47,28,Running,11.6,352.0,169,143,4,5,31,56,4,true,4510.78,117.31,-125.27
2023-04-15 23:33:59,2023-04-17 00:53:18,UTC-04:00,2023-04-16 13:18:07,2023-04-16 13:40:07,21,Running,10.5,278.0,167,145,0,13,12,72,3,false,9397.82,142.05,4.32
2023-04-12 23:52:07,2023-04-14 00:22:05,UTC-04:00,2023-04-13 19:52:45,2023-04-13 20:28:46,36,Running,12.7,446.0,168,144,1,12,23,61,3,true,5023.39,139.96,-3.21
2023-04-09 23:57:09,2023-04-11 00:13:18,UTC-04:00,2023-04-10 17:21:54,2023-04-10 17:42:39,20,Running,11.0,282.0,174,150,0,5,10,73,12,true,3579.30,90.97,-11.40
2023-04-08 23:38:14,2023-04-09 23:57:09,UTC-04:00,2023-04-09 16:44:09,2023-04-09 16:59:55,15,Activity,4.6,62.0,128,105,39,56,0,0,0,false,,,
2023-04-08 00:18:45,2023-04-08 23:38:14,UTC-04:00,2023-04-08 16:21:00,2023-04-08 17:10:00,48,Weightlifting,5.7,164.0,144,104,57,36,2,0,0,false,,,
2023-04-07 02:04:00,2023-04-08 00:18:45,UTC-04:00,2023-04-07 16:22:51,2023-04-07 16:36:35,13,Weightlifting,5.4,99.0,146,120,13,54,33,0,0,false,,,
2023-04-04 23:29:52,2023-04-05 23:32:40,UTC-04:00,2023-04-05 17:06:09,2023-04-05 17:29:38,23,Weightlifting,7.8,210.0,163,127,8,42,31,19,0,false,,,
2023-04-02 23:09:27,2023-04-03 23:51:59,UTC-04:00,2023-04-03 18:30:57,2023-04-03 19:11:37,40,Running,14.0,478.0,176,141,16,11,9,24,37,false,3770.16,145.37,-3.27
2023-04-01 23:44:28,2023-04-02 23:09:27,UTC-04:00,2023-04-02 19:42:53,2023-04-02 20:13:23,30,Walking,5.7,143.0,147,105,31,47,6,0,0,false,,,
2023-04-01 23:44:28,2023-04-02 23:09:27,UTC-04:00,2023-04-02 15:35:14,2023-04-02 15:49:54,14,Weightlifting,5.4,106.0,146,119,6,67,27,0,0,false,,,
2023-03-30 23:24:36,2023-04-01 00:01:38,UTC-04:00,2023-03-31 19:15:56,2023-03-31 20:08:08,52,Running,14.4,609.0,172,141,5,17,12,55,9,false,4283.07,179.65,-80.54
2023-03-30 00:07:46,2023-03-30 23:24:36,UTC-04:00,2023-03-30 18:36:46,2023-03-30 18:49:02,12,Weightlifting,4.6,56.0,138,107,51,44,5,0,0,false,,,
2023-03-29 00:20:00,2023-03-30 00:07:46,UTC-04:00,2023-03-29 16:59:43,2023-03-29 17:19:58,20,Weightlifting,5.2,107.0,135,111,25,63,9,0,0,false,,,
2023-03-26 23:26:32,2023-03-27 23:53:08,UTC-04:00,2023-03-27 19:01:00,2023-03-27 19:30:00,29,Walking,5.0,101.0,136,92,37,30,2,0,0,false,,,
2023-03-26 23:26:32,2023-03-27 23:53:08,UTC-04:00,2023-03-27 17:57:11,2023-03-27 18:26:42,29,Weightlifting,5.2,111.0,133,101,56,32,1,0,0,false,,,
2023-03-26 00:31:41,2023-03-26 23:26:32,UTC-04:00,2023-03-26 18:00:53,2023-03-26 18:24:12,23,Running,10.6,290.0,169,144,1,4,31,59,5,false,1649.82,81.55,4.66
2023-03-25 00:17:13,2023-03-26 00:31:41,UTC-04:00,2023-03-25 17:09:37,2023-03-25 19:15:16,125,Activity,8.5,349.0,148,117,7,22,9,0,0,false,,,
2023-03-25 00:17:13,2023-03-26 00:31:41,UTC-04:00,2023-03-25 14:40:00,2023-03-25 15:05:00,25,Weightlifting,5.8,141.0,145,106,20,41,21,0,0,false,,,
2023-03-23 00:32:05,2023-03-23 23:10:48,UTC-04:00,2023-03-23 19:10:30,2023-03-23 19:31:55,21,Activity,7.6,205.0,160,133,0,17,58,21,0,false,,,
2023-03-23 00:32:05,2023-03-23 23:10:48,UTC-04:00,2023-03-23 18:20:13,2023-03-23 18:50:15,30,Running,9.4,310.0,156,135,1,12,76,11,0,false,,,
2023-03-23 00:32:05,2023-03-23 23:10:48,UTC-04:00,2023-03-23 14:32:00,2023-03-23 14:58:00,26,Weightlifting,6.2,173.0,147,117,8,72,20,0,0,false,,,
2023-03-20 23:43:37,2023-03-21 23:44:49,UTC-04:00,2023-03-21 16:30:00,2023-03-21 17:05:00,35,Weightlifting,6.7,216.0,138,114,18,61,16,0,0,false,,,
2023-03-19 22:37:22,2023-03-20 23:43:37,UTC-04:00,2023-03-20 19:01:01,2023-03-20 19:13:08,12,Weightlifting,4.9,77.0,138,115,22,58,20,0,0,false,,,
2023-03-15 23:01:28,2023-03-16 23:44:29,UTC-04:00,2023-03-16 17:45:00,2023-03-16 18:45:00,60,Running,12.0,490.0,166,122,13,23,24,28,0,false,,,
2023-03-14 01:02:55,2023-03-14 23:15:35,UTC-04:00,2023-03-14 13:00:00,2023-03-14 13:35:00,35,Weightlifting,6.5,185.0,150,104,18,24,25,1,0,false,,,
2023-03-10 23:46:59,2023-03-12 00:00:37,UTC-05:00,2023-03-11 16:45:00,2023-03-11 17:29:00,44,Weightlifting,6.9,239.0,139,109,29,47,14,0,0,false,,,
2023-03-09 22:53:40,2023-03-10 23:46:59,UTC-05:00,2023-03-10 17:05:00,2023-03-10 17:37:00,32,Weightlifting,6.6,206.0,142,114,19,62,17,0,0,false,,,
2023-03-07 23:05:13,2023-03-09 00:37:48,UTC-05:00,2023-03-08 18:05:00,2023-03-08 18:56:00,51,Running,11.8,437.0,168,125,20,37,13,27,3,false,,,
2023-03-06 23:43:47,2023-03-07 23:05:13,UTC-05:00,2023-03-07 13:30:00,2023-03-07 13:54:00,24,Weightlifting,4.9,90.0,126,100,45,37,0,0,0,false,,,
2023-03-04 23:50:51,2023-03-06 00:25:46,UTC-05:00,2023-03-05 12:57:35,2023-03-05 13:35:21,37,Weightlifting,13.2,463.0,176,143,0,24,18,35,23,false,,,
2023-03-03 23:51:17,2023-03-04 23:50:51,UTC-05:00,2023-03-04 13:15:00,2023-03-04 13:46:00,31,Wrestling,5.8,139.0,146,103,41,18,17,0,0,false,,,
2023-03-02 23:51:29,2023-03-03 23:51:17,UTC-05:00,2023-03-03 17:08:53,2023-03-03 18:01:13,52,Weightlifting,9.0,371.0,152,119,12,56,30,1,0,false,,,
2023-02-27 23:56:56,2023-02-28 23:46:07,UTC-05:00,2023-02-28 14:02:22,2023-02-28 16:01:36,119,Running,11.4,606.0,158,110,20,29,18,4,0,false,,,
2023-02-26 00:33:36,2023-02-26 23:32:18,UTC-05:00,2023-02-26 15:01:00,2023-02-26 16:14:00,73,Weightlifting,9.1,420.0,148,111,29,43,21,0,0,false,,,
2023-02-22 00:07:15,2023-02-23 00:04:53,UTC-05:00,2023-02-22 16:23:06,2023-02-22 17:25:48,62,Weightlifting,9.1,414.0,150,116,21,59,20,0,0,false,,,
2023-02-20 23:09:56,2023-02-22 00:07:15,UTC-05:00,2023-02-21 17:24:00,2023-02-21 18:24:00,60,Weightlifting,8.4,367.0,144,113,17,55,19,0,0,false,,,
2023-02-14 23:54:26,2023-02-16 00:20:18,UTC-05:00,2023-02-15 14:03:55,2023-02-15 14:46:58,43,Running,12.5,460.0,169,137,9,19,28,38,6,false,,,
2023-02-13 23:48:26,2023-02-14 23:54:26,UTC-05:00,2023-02-14 13:14:00,2023-02-14 14:14:00,60,Weightlifting,7.0,258.0,143,104,55,30,7,0,0,false,,,
2023-02-13 00:41:47,2023-02-13 23:48:26,UTC-05:00,2023-02-13 12:07:00,2023-02-13 14:30:00,143,Weightlifting,10.8,626.0,156,102,30,33,10,2,0,false,,,
2023-02-09 23:56:07,2023-02-11 00:52:27,UTC-05:00,2023-02-10 15:29:21,2023-02-10 21:26:54,357,Weightlifting,7.9,714.0,156,77,10,5,2,0,0,false,,,
2023-02-09 00:37:55,2023-02-09 23:56:07,UTC-05:00,2023-02-09 15:28:07,2023-02-09 22:31:22,423,Weightlifting,9.2,899.0,148,75,14,7,1,0,0,false,,,
2023-02-07 23:55:40,2023-02-09 00:37:55,UTC-05:00,2023-02-08 15:25:28,2023-02-08 16:22:53,57,Weightlifting,11.4,494.0,166,126,10,34,46,9,0,false,,,
2023-02-07 00:29:33,2023-02-07 23:55:40,UTC-05:00,2023-02-07 14:01:28,2023-02-07 15:04:50,63,Weightlifting,10.6,504.0,148,123,6,48,45,1,0,false,,,
2023-02-04 01:17:25,2023-02-04 23:52:27,UTC-05:00,2023-02-04 17:17:00,2023-02-04 18:02:00,45,Weightlifting,8.8,343.0,167,122,7,52,37,4,0,false,,,
2023-01-29 23:46:26,2023-01-31 00:03:21,UTC-05:00,2023-01-30 14:55:36,2023-01-30 16:00:05,64,Weightlifting,13.0,636.0,175,133,1,25,57,14,3,false,,,
2023-01-28 00:46:55,2023-01-29 00:04:36,UTC-05:00,2023-01-28 12:01:13,2023-01-28 12:59:42,58,Weightlifting,12.1,545.0,177,131,1,36,49,10,4,false,,,
2023-01-25 23:59:33,2023-01-26 23:41:37,UTC-05:00,2023-01-26 19:37:57,2023-01-26 20:43:02,65,Weightlifting,12.7,629.0,161,132,0,28,58,14,0,false,,,
2023-01-23 23:07:30,2023-01-24 23:39:45,UTC-05:00,2023-01-24 20:14:51,2023-01-24 20:59:31,44,Weightlifting,11.7,458.0,168,134,0,29,49,19,3,false,,,
2023-01-23 00:28:43,2023-01-23 23:07:30,UTC-05:00,2023-01-23 18:10:33,2023-01-23 19:21:39,71,Activity,13.2,674.0,169,130,4,41,30,25,0,false,,,
2023-01-21 23:53:03,2023-01-23 00:28:43,UTC-05:00,2023-01-22 16:45:07,2023-01-22 17:36:02,50,Weightlifting,10.4,450.0,152,126,2,49,45,4,0,false,,,
2023-01-18 23:53:30,2023-01-20 00:50:42,UTC-05:00,2023-01-19 18:26:58,2023-01-19 19:33:51,66,Weightlifting,12.0,580.0,166,126,10,34,48,8,0,false,,,
2023-01-16 23:52:40,2023-01-18 00:30:28,UTC-05:00,2023-01-17 17:37:01,2023-01-17 18:59:05,82,Weightlifting,13.0,717.0,162,126,10,38,40,12,0,false,,,
2023-01-01 00:14:49,2023-01-01 23:46:11,UTC-05:00,2023-01-01 11:16:44,2023-01-01 12:02:11,45,Weightlifting,10.2,401.0,161,127,4,48,35,13,0,false,,,
2022-12-07 01:02:26,2022-12-07 22:59:51,UTC-05:00,2022-12-07 15:53:58,2022-12-07 16:35:45,41,Weightlifting,8.6,333.0,150,122,6,51,43,0,0,false,,,
2022-12-04 00:24:16,2022-12-06 03:27:13,UTC-05:00,2022-12-04 16:42:33,2022-12-04 17:36:41,54,Activity,12.8,575.0,171,135,0,24,45,31,0,false,,,
2022-12-03 00:35:22,2022-12-04 00:24:16,UTC-05:00,2022-12-03 18:26:24,2022-12-03 19:25:39,59,Activity,10.9,516.0,150,125,2,58,38,2,0,false,,,
2022-11-15 23:32:59,2022-11-16 23:55:44,UTC-05:00,2022-11-16 19:24:17,2022-11-16 20:20:42,56,Weightlifting,10.5,449.0,159,123,16,33,42,8,0,false,,,
2022-11-13 23:23:16,2022-11-15 00:26:31,UTC-05:00,2022-11-14 17:46:57,2022-11-14 18:49:02,62,Weightlifting,9.7,424.0,155,119,24,42,29,5,0,false,,,
2022-11-12 23:10:55,2022-11-13 23:23:16,UTC-05:00,2022-11-13 15:05:00,2022-11-13 16:30:00,85,Weightlifting,7.7,351.0,138,101,26,36,9,0,0,false,,,
2022-11-11 23:26:30,2022-11-12 23:10:55,UTC-05:00,2022-11-12 19:26:54,2022-11-12 20:18:34,51,Running,14.0,588.0,171,140,10,18,12,52,8,false,,,
2022-11-09 23:15:15,2022-11-11 00:00:00,UTC-05:00,2022-11-10 17:59:33,2022-11-10 18:48:35,49,Weightlifting,11.6,493.0,161,133,0,23,59,18,0,false,,,
2022-11-07 22:41:24,2022-11-08 23:08:47,UTC-05:00,2022-11-08 21:05:00,2022-11-08 22:05:00,60,Running,10.0,363.0,168,112,37,22,15,12,0,false,,,
2022-11-05 23:13:52,2022-11-06 22:27:53,UTC-05:00,2022-11-06 18:29:12,2022-11-06 19:10:12,40,Running,12.9,450.0,173,136,4,35,10,42,9,false,,,
2022-11-02 23:38:30,2022-11-03 23:30:47,UTC-04:00,2022-11-03 17:09:41,2022-11-03 18:08:03,58,Weightlifting,8.8,384.0,148,116,26,52,22,0,0,false,,,
2022-11-02 01:37:41,2022-11-02 23:38:30,UTC-04:00,2022-11-02 14:31:49,2022-11-02 14:58:29,26,Weightlifting,5.2,112.0,126,106,60,40,0,0,0,false,,,
2022-10-31 23:47:08,2022-11-02 01:37:41,UTC-04:00,2022-11-01 16:35:03,2022-11-01 17:22:13,47,Weightlifting,9.3,340.0,162,119,17,59,13,11,0,false,,,
2022-10-31 00:33:28,2022-10-31 23:47:08,UTC-04:00,2022-10-31 15:44:56,2022-10-31 16:13:02,28,Running,11.7,356.0,173,146,0,7,14,73,6,false,,,
2022-10-30 00:47:30,2022-10-31 00:33:28,UTC-04:00,2022-10-30 14:05:22,2022-10-30 14:50:05,44,Weightlifting,6.6,205.0,148,109,48,33,13,1,0,false,,,
2022-10-29 00:07:04,2022-10-30 00:47:30,UTC-04:00,2022-10-29 17:02:45,2022-10-29 18:05:19,62,Weightlifting,9.7,435.0,149,118,21,45,31,2,0,false,,,
2022-10-23 23:26:22,2022-10-24 22:26:11,UTC-04:00,2022-10-24 15:25:00,2022-10-24 15:53:00,28,Weightlifting,6.1,163.0,142,112,40,41,18,0,0,false,,,
2022-10-20 23:45:27,2022-10-22 00:31:01,UTC-04:00,2022-10-21 16:49:20,2022-10-21 17:50:22,61,Weightlifting,13.1,593.0,168,131,7,38,27,25,3,false,,,
2022-10-20 00:03:20,2022-10-20 23:45:27,UTC-04:00,2022-10-20 15:06:56,2022-10-20 15:51:34,44,Weightlifting,6.6,224.0,137,109,32,61,6,0,0,false,,,
2022-10-18 23:59:29,2022-10-20 00:03:20,UTC-04:00,2022-10-19 17:01:36,2022-10-19 17:30:14,28,Running,11.4,341.0,177,142,0,19,26,43,12,false,,,
2022-10-17 23:32:03,2022-10-18 23:59:29,UTC-04:00,2022-10-18 15:59:30,2022-10-18 16:50:55,51,Weightlifting,9.3,400.0,150,122,3,63,34,0,0,false,,,
2022-10-17 01:45:46,2022-10-17 23:32:03,UTC-04:00,2022-10-17 14:50:21,2022-10-17 15:34:51,44,Weightlifting,5.9,174.0,128,102,60,33,0,0,0,false,,,
2022-10-15 23:26:04,2022-10-17 01:45:46,UTC-04:00,2022-10-16 14:40:15,2022-10-16 15:36:39,56,Weightlifting,10.0,438.0,155,121,10,47,37,5,0,false,,,
2022-10-14 23:06:31,2022-10-15 23:26:04,UTC-04:00,2022-10-15 12:32:57,2022-10-15 13:47:43,74,Weightlifting,10.3,494.0,153,113,5,42,30,2,0,false,,,
2022-10-14 00:19:44,2022-10-14 23:06:31,UTC-04:00,2022-10-14 17:08:00,2022-10-14 18:03:00,55,Weightlifting,6.8,225.0,146,103,56,23,11,0,0,false,,,
2022-10-10 22:18:33,2022-10-12 00:09:57,UTC-04:00,2022-10-11 13:37:16,2022-10-11 14:00:11,22,Running,12.2,317.0,180,151,0,8,21,38,33,false,,,
2022-10-09 00:08:55,2022-10-10 00:15:01,UTC-04:00,2022-10-09 16:10:57,2022-10-09 16:45:36,34,Weightlifting,8.3,283.0,153,122,17,32,49,2,0,false,,,
2022-10-08 02:20:34,2022-10-09 00:08:55,UTC-04:00,2022-10-08 17:07:00,2022-10-08 18:05:00,58,Weightlifting,8.5,350.0,151,113,33,43,21,1,0,false,,,
2022-10-06 23:52:38,2022-10-08 02:20:34,UTC-04:00,2022-10-07 17:12:13,2022-10-07 18:07:07,54,Weightlifting,8.0,314.0,148,111,37,45,16,0,0,false,,,
2022-10-05 23:32:00,2022-10-06 23:52:38,UTC-04:00,2022-10-06 12:10:00,2022-10-06 12:59:49,49,Running,9.2,334.0,162,114,26,35,20,10,0,false,,,
2022-10-04 23:42:58,2022-10-05 23:32:00,UTC-04:00,2022-10-05 13:18:00,2022-10-05 14:18:00,60,Weightlifting,9.5,379.0,162,112,22,37,19,7,0,false,,,
2022-10-03 23:37:35,2022-10-04 23:42:58,UTC-04:00,2022-10-04 15:04:10,2022-10-04 15:45:29,41,Activity,9.9,371.0,156,127,4,50,30,16,0,false,,,
2022-09-23 00:40:41,2022-09-23 23:39:46,UTC-04:00,2022-09-23 18:20:50,2022-09-23 18:29:06,8,Caddying,4.4,39.0,128,106,27,62,0,0,0,false,,,
2022-09-23 00:40:41,2022-09-23 23:39:46,UTC-04:00,2022-09-23 13:20:00,2022-09-23 14:05:00,45,Wrestling,6.2,196.0,131,103,33,46,1,0,0,false,,,
2022-09-20 23:33:03,2022-09-21 23:15:10,UTC-04:00,2022-09-21 12:49:03,2022-09-21 13:35:02,45,Wrestling,5.2,125.0,130,91,51,15,0,0,0,false,,,
2022-09-20 00:07:37,2022-09-20 23:33:03,UTC-04:00,2022-09-20 14:34:45,2022-09-20 15:01:31,26,Wrestling,4.8,81.0,117,97,50,24,0,0,0,false,,,
2022-09-18 23:48:32,2022-09-20 00:07:37,UTC-04:00,2022-09-19 21:59:08,2022-09-19 22:13:32,14,Running,8.6,178.0,166,144,5,5,20,66,4,false,,,
2022-09-18 23:48:32,2022-09-20 00:07:37,UTC-04:00,2022-09-19 14:50:52,2022-09-19 15:41:36,50,Weightlifting,9.0,380.0,150,121,5,60,34,1,0,false,,,
2022-09-17 00:39:55,2022-09-18 00:58:48,UTC-04:00,2022-09-17 17:29:50,2022-09-17 17:50:33,20,Wrestling,4.5,60.0,125,96,61,11,0,0,0,false,,,
2022-09-15 01:38:31,2022-09-16 01:15:28,UTC-04:00,2022-09-15 22:35:43,2022-09-15 23:06:23,30,Running,8.0,225.0,155,114,8,10,42,13,0,false,,,
2022-09-11 23:19:28,2022-09-12 22:38:31,UTC-07:00,2022-09-12 16:32:33,2022-09-12 18:20:33,108,Kayaking,10.7,595.0,156,110,30,44,15,2,0,false,,,
2022-09-11 23:19:28,2022-09-12 22:38:31,UTC-07:00,2022-09-12 12:55:21,2022-09-12 13:21:58,26,Hiking/Rucking,10.6,321.0,160,143,0,5,36,59,0,false,,,
2022-09-08 22:14:59,2022-09-10 00:08:51,UTC-07:00,2022-09-09 09:15:07,2022-09-09 10:23:37,68,Hiking/Rucking,12.1,583.0,154,124,4,26,52,7,0,false,,,
2022-09-06 22:02:09,2022-09-07 22:54:03,UTC-07:00,2022-09-07 22:30:28,2022-09-07 22:33:08,2,Functional Fitness,4.0,6.0,116,96,73,11,0,0,0,false,,,
2022-08-29 22:30:12,2022-08-30 23:47:44,UTC-04:00,2022-08-30 12:32:42,2022-08-30 13:23:32,50,Activity,11.0,470.0,158,128,1,42,45,12,0,false,,,
2022-08-25 23:31:46,2022-08-26 22:37:36,UTC-04:00,2022-08-26 16:50:00,2022-08-26 17:25:00,35,Wrestling,5.6,142.0,135,103,62,31,3,0,0,false,,,
2022-08-23 23:56:39,2022-08-25 02:32:28,UTC-04:00,2022-08-24 14:02:43,2022-08-24 14:27:49,25,Running,12.1,327.0,173,150,0,4,21,42,30,false,,,
2022-08-22 23:29:26,2022-08-23 23:56:39,UTC-04:00,2022-08-23 17:36:20,2022-08-23 18:18:27,42,Running,11.2,418.0,171,133,0,31,50,15,4,false,,,
2022-08-21 22:41:23,2022-08-22 23:29:26,UTC-04:00,2022-08-22 20:19:46,2022-08-22 20:35:40,15,Running,12.0,254.0,180,162,0,1,5,29,65,false,,,
2022-08-21 22:41:23,2022-08-22 23:29:26,UTC-04:00,2022-08-22 15:02:43,2022-08-22 15:20:04,17,Wrestling,5.4,111.0,134,116,21,63,16,0,0,false,,,
2022-08-21 22:41:23,2022-08-22 23:29:26,UTC-04:00,2022-08-22 14:35:29,2022-08-22 15:02:30,27,Weightlifting,6.5,188.0,149,118,9,61,29,1,0,false,,,
2022-08-20 23:35:25,2022-08-21 22:41:23,UTC-04:00,2022-08-21 16:15:00,2022-08-21 17:20:00,65,Wrestling,4.5,123.0,121,83,23,9,0,0,0,false,,,
2022-08-19 23:59:11,2022-08-20 23:35:25,UTC-04:00,2022-08-20 12:27:57,2022-08-20 13:25:42,57,Running,,,,,,,,,,false,,,
2022-08-18 00:01:37,2022-08-18 23:00:54,UTC-04:00,2022-08-18 14:35:50,2022-08-18 15:33:53,58,Running,10.2,406.0,165,116,13,49,14,11,0,false,,,
2022-08-16 23:18:30,2022-08-18 00:01:37,UTC-04:00,2022-08-17 14:18:09,2022-08-17 15:20:52,62,Weightlifting,8.2,355.0,140,110,40,47,10,0,0,false,,,
2022-08-14 23:22:19,2022-08-15 22:22:04,UTC-04:00,2022-08-15 16:30:00,2022-08-15 17:15:00,45,Wrestling,5.5,139.0,135,99,37,26,2,0,0,false,,,
2022-08-13 23:53:32,2022-08-14 23:22:19,UTC-04:00,2022-08-14 11:14:37,2022-08-14 12:04:41,50,Weightlifting,8.7,360.0,151,121,5,66,27,2,0,false,,,
2022-08-10 22:31:14,2022-08-11 22:46:10,UTC-04:00,2022-08-11 17:15:18,2022-08-11 18:31:37,76,Weightlifting,8.1,366.0,138,107,50,46,3,0,0,false,,,
2022-08-08 23:11:13,2022-08-09 22:49:32,UTC-04:00,2022-08-09 15:10:00,2022-08-09 16:25:00,75,Weightlifting,6.6,258.0,140,100,43,35,1,0,0,false,,,
2022-08-07 23:28:26,2022-08-08 23:11:13,UTC-04:00,2022-08-08 13:55:34,2022-08-08 14:33:40,38,Weightlifting,5.3,125.0,130,99,64,25,0,0,0,false,,,
2022-08-06 23:13:51,2022-08-07 23:28:26,UTC-04:00,2022-08-07 13:00:29,2022-08-07 13:52:13,51,Weightlifting,6.7,240.0,137,105,59,36,2,0,0,false,,,
2022-07-30 23:52:04,2022-08-01 02:31:53,UTC-04:00,2022-07-31 18:39:59,2022-07-31 21:04:01,144,Activity,14.2,1151.0,158,122,3,64,32,1,0,false,,,
2022-07-19 22:58:51,2022-07-21 00:12:51,UTC-04:00,2022-07-20 20:05:00,2022-07-20 20:55:00,50,Cycling,8.8,310.0,158,109,17,30,19,9,0,false,,,
2022-07-14 21:33:27,2022-07-15 23:44:27,UTC-04:00,2022-07-15 14:00:00,2022-07-15 14:50:00,50,Cycling,5.5,160.0,130,88,14,27,0,0,0,false,,,
2022-07-12 23:27:07,2022-07-14 00:09:50,UTC-04:00,2022-07-13 17:20:00,2022-07-13 18:10:00,50,Weightlifting,4.3,84.0,113,76,16,2,0,0,0,false,,,
2022-07-09 00:15:23,2022-07-10 00:55:59,UTC-04:00,2022-07-09 23:04:00,2022-07-09 23:28:00,24,Weightlifting,5.6,126.0,167,107,24,38,17,1,0,false,,,
2022-05-28 23:51:09,2022-05-29 23:13:31,UTC-04:00,2022-05-29 11:51:35,2022-05-29 13:01:50,70,Activity,11.2,547.0,154,123,11,44,40,5,0,false,,,
2022-05-28 00:42:14,2022-05-28 23:51:09,UTC-04:00,2022-05-28 15:07:31,2022-05-28 15:37:39,30,Hiking/Rucking,4.8,85.0,143,90,26,15,6,0,0,false,,,
2022-05-27 00:26:01,2022-05-28 00:42:14,UTC-04:00,2022-05-27 21:51:00,2022-05-27 22:51:00,60,Weightlifting,4.7,121.0,122,87,35,4,0,0,0,false,,,
2022-05-27 00:26:01,2022-05-28 00:42:14,UTC-04:00,2022-05-27 13:45:00,2022-05-27 14:20:00,35,Hiking/Rucking,6.8,218.0,147,113,14,54,23,0,0,false,,,
2022-05-22 00:01:57,2022-05-23 23:20:08,UTC-04:00,2022-05-22 09:39:01,2022-05-22 10:38:39,59,Activity,10.5,490.0,154,125,4,51,44,1,0,false,,,
2022-05-19 00:00:26,2022-05-19 23:05:49,UTC-04:00,2022-05-19 17:40:52,2022-05-19 18:22:29,41,Running,12.5,378.0,185,129,30,32,8,8,22,false,,,
2022-05-16 23:50:43,2022-05-18 00:10:49,UTC-04:00,2022-05-17 11:07:54,2022-05-17 11:31:03,23,Hiking/Rucking,5.3,108.0,133,106,42,46,6,0,0,false,,,
2022-05-16 00:09:20,2022-05-16 23:50:43,UTC-04:00,2022-05-16 19:13:00,2022-05-16 19:34:00,21,Weightlifting,5.7,128.0,143,114,36,37,27,0,0,false,,,
2022-05-16 00:09:20,2022-05-16 23:50:43,UTC-04:00,2022-05-16 18:30:00,2022-05-16 19:10:00,40,Cycling,6.4,167.0,162,97,21,2,21,5,0,false,,,
2022-05-16 00:09:20,2022-05-16 23:50:43,UTC-04:00,2022-05-16 12:01:00,2022-05-16 12:19:00,18,Hiking/Rucking,4.8,71.0,141,103,56,24,9,0,0,false,,,
2022-05-14 23:46:32,2022-05-16 00:09:20,UTC-04:00,2022-05-15 18:19:00,2022-05-15 18:57:00,38,Running,4.8,101.0,153,90,26,22,4,0,0,false,,,
2022-05-14 00:46:36,2022-05-14 23:46:32,UTC-04:00,2022-05-14 19:01:00,2022-05-14 19:33:00,32,Running,6.1,158.0,160,107,19,20,24,2,0,false,,,
2022-05-14 00:46:36,2022-05-14 23:46:32,UTC-04:00,2022-05-14 12:31:00,2022-05-14 13:17:00,46,Hiking/Rucking,5.9,172.0,128,104,55,43,0,0,0,false,,,
2022-05-13 00:38:40,2022-05-14 00:46:36,UTC-04:00,2022-05-13 15:00:06,2022-05-13 15:29:22,29,Weightlifting,5.0,101.0,130,101,47,36,0,0,0,false,,,
2022-05-11 23:08:56,2022-05-13 00:38:40,UTC-04:00,2022-05-12 20:14:23,2022-05-12 20:50:00,35,Cycling,9.3,289.0,162,124,15,16,28,30,0,false,,,
2022-05-11 23:08:56,2022-05-13 00:38:40,UTC-04:00,2022-05-12 12:45:41,2022-05-12 13:06:51,21,Hiking/Rucking,5.3,111.0,138,111,27,61,11,0,0,false,,,
2022-05-11 00:01:49,2022-05-11 23:08:56,UTC-04:00,2022-05-11 20:20:00,2022-05-11 21:05:00,45,Weightlifting,5.8,174.0,142,97,25,29,10,0,0,false,,,
2022-05-11 00:01:49,2022-05-11 23:08:56,UTC-04:00,2022-05-11 14:18:41,2022-05-11 14:45:53,27,Hiking/Rucking,5.2,108.0,149,103,39,33,8,0,0,false,,,
2022-05-09 23:25:55,2022-05-11 00:01:49,UTC-04:00,2022-05-10 19:05:08,2022-05-10 19:34:41,29,Weightlifting,4.9,88.0,148,96,44,20,5,0,0,false,,,
2022-05-09 23:25:55,2022-05-11 00:01:49,UTC-04:00,2022-05-10 15:23:09,2022-05-10 15:46:02,22,Hiking/Rucking,4.8,84.0,133,101,46,34,3,0,0,false,,,
2022-05-09 23:25:55,2022-05-11 00:01:49,UTC-04:00,2022-05-10 10:25:00,2022-05-10 11:08:00,43,Hiking/Rucking,4.4,83.0,128,81,25,9,0,0,0,false,,,
2022-05-08 23:05:08,2022-05-09 23:25:55,UTC-04:00,2022-05-09 18:15:32,2022-05-09 18:33:43,18,Running,10.0,227.0,177,145,2,12,24,39,22,false,,,
2022-05-08 23:05:08,2022-05-09 23:25:55,UTC-04:00,2022-05-09 14:23:22,2022-05-09 14:40:37,17,Hiking/Rucking,4.2,40.0,123,92,50,11,0,0,0,false,,,
2022-05-08 23:05:08,2022-05-09 23:25:55,UTC-04:00,2022-05-09 10:38:49,2022-05-09 11:03:32,24,Hiking/Rucking,4.9,89.0,131,100,55,28,1,0,0,false,,,
2022-05-07 01:21:44,2022-05-08 02:29:00,UTC-04:00,2022-05-07 08:10:00,2022-05-07 09:15:00,65,Wrestling,4.2,103.0,130,68,14,2,0,0,0,false,,,
2022-05-05 23:04:51,2022-05-07 01:21:44,UTC-04:00,2022-05-06 16:05:20,2022-05-06 16:30:59,25,Weightlifting,6.3,164.0,160,114,13,52,19,4,0,false,,,
2022-05-04 23:48:21,2022-05-05 23:04:51,UTC-04:00,2022-05-05 21:07:57,2022-05-05 21:22:16,14,Cycling,4.7,61.0,134,105,31,40,8,0,0,false,,,
2022-05-03 23:33:43,2022-05-04 23:48:21,UTC-04:00,2022-05-04 18:42:07,2022-05-04 19:03:15,21,High Stress Work,4.0,32.0,117,79,24,2,0,0,0,false,,,
2022-05-03 23:33:43,2022-05-04 23:48:21,UTC-04:00,2022-05-04 17:25:06,2022-05-04 17:51:43,26,Hiking/Rucking,5.2,112.0,129,105,39,51,0,0,0,false,,,
2022-05-03 23:33:43,2022-05-04 23:48:21,UTC-04:00,2022-05-04 10:48:50,2022-05-04 11:01:40,12,Running,4.2,33.0,132,94,37,16,5,0,0,false,,,
2022-05-02 23:28:32,2022-05-03 23:33:43,UTC-04:00,2022-05-03 18:06:07,2022-05-03 18:27:08,21,Running,7.8,198.0,165,131,2,32,40,26,0,true,1174.41,46.24,18.18
2022-05-02 23:28:32,2022-05-03 23:33:43,UTC-04:00,2022-05-03 09:29:39,2022-05-03 09:55:45,26,Hiking/Rucking,4.9,88.0,141,100,45,30,5,0,0,true,1502.47,117.71,-3.17
2022-05-01 21:56:21,2022-05-02 23:28:32,UTC-04:00,2022-05-02 19:11:30,2022-05-02 19:49:26,37,Cycling,7.3,231.0,155,115,28,28,36,2,0,true,200.84,0.00,-1.59
2022-05-01 21:56:21,2022-05-02 23:28:32,UTC-04:00,2022-05-02 12:13:20,2022-05-02 12:40:04,26,Hiking/Rucking,4.7,79.0,145,96,31,30,3,0,0,true,13.48,0.00,4.64
2022-05-01 00:56:48,2022-05-01 21:56:21,UTC-04:00,2022-05-01 18:26:53,2022-05-01 19:04:56,38,Cycling,11.6,395.0,172,135,4,17,31,38,5,false,,,
